18-Mar-20,Alameda,30
19-Mar-20,Alameda,38
20-Mar-20,Alameda,48
21-Mar-20,Alameda,68
22-Mar-20,Alameda,71
23-Mar-20,Alameda,119
24-Mar-20,Alameda,137
25-Mar-20,Alameda,137
26-Mar-20,Alameda,182
27-Mar-20,Alameda,224
28-Mar-20,Alameda,224
29-Mar-20,Alameda,276
30-Mar-20,Alameda,290
31-Mar-20,Alameda,320
1-Apr-20,Alameda,320
2-Apr-20,Alameda,367
3-Apr-20,Alameda,455
4-Apr-20,Alameda,455
5-Apr-20,Alameda,578
6-Apr-20,Alameda,601
7-Apr-20,Alameda,649
8-Apr-20,Alameda,690
9-Apr-20,Alameda,690
10-Apr-20,Alameda,786
11-Apr-20,Alameda,827
12-Apr-20,Alameda,868
13-Apr-20,Alameda,911
14-Apr-20,Alameda,911
15-Apr-20,Alameda,1000
16-Apr-20,Alameda,1046
17-Apr-20,Alameda,1103
18-Apr-20,Alameda,1155
19-Apr-20,Alameda,1206
20-Apr-20,Alameda,1235
21-Apr-20,Alameda,1284
22-Apr-20,Alameda,1285
23-Apr-20,Alameda,1398
24-Apr-20,Alameda,1451
25-Apr-20,Alameda,1491
26-Apr-20,Alameda,1522
27-Apr-20,Alameda,1552
28-Apr-20,Alameda,1588
29-Apr-20,Alameda,1625
30-Apr-20,Alameda,1663
1-May-20,Alameda,1698
2-May-20,Alameda,1769
3-May-20,Alameda,1812
4-May-20,Alameda,1839
5-May-20,Alameda,1875
6-May-20,Alameda,1929
